{
    "name": "root",
    "metadata": {
        "timer_format_version": "0.1.0",
        "start_time_seconds": "1694437009",
        "python_version": "3.9.11 (tags/v3.9.11:2de452f, Mar 16 2022, 14:33:45) [MSC v.1929 64 bit (AMD64)]",
        "command_line_arguments": "I:\\Unity Projects\\MLAgent_Demo\\MyEnv\\Scripts\\mlagents-learn --run-id=newID01",
        "mlagents_version": "0.30.0",
        "mlagents_envs_version": "0.30.0",
        "communication_protocol_version": "1.5.0",
        "pytorch_version": "2.0.1+cpu",
        "numpy_version": "1.21.2",
        "end_time_seconds": "1694437073"
    },
    "total": 63.091691299999994,
    "count": 1,
    "self": 10.004766999999994,
    "children": {
        "run_training.setup": {
            "total": 0.027585399999999982,
            "count": 1,
            "self": 0.027585399999999982
        },
        "TrainerController.start_learning": {
            "total": 53.0593389,
            "count": 1,
            "self": 0.10380859999967385,
            "children": {
                "TrainerController._reset_env": {
                    "total": 11.3630388,
                    "count": 1,
                    "self": 11.3630388
                },
                "TrainerController.advance": {
                    "total": 41.454046500000324,
                    "count": 5811,
                    "self": 0.09479309999995422,
                    "children": {
                        "env_step": {
                            "total": 40.88033060000035,
                            "count": 5811,
                            "self": 36.947358100000564,
                            "children": {
                                "SubprocessEnvManager._take_step": {
                                    "total": 3.870037799999988,
                                    "count": 5812,
                                    "self": 0.3127501000001196,
                                    "children": {
                                        "TorchPolicy.evaluate": {
                                            "total": 3.5572876999998684,
                                            "count": 5812,
                                            "self": 3.5572876999998684
                                        }
                                    }
                                },
                                "workers": {
                                    "total": 0.06293469999979884,
                                    "count": 5810,
                                    "self": 0.0,
                                    "children": {
                                        "worker_root": {
                                            "total": 33.36245459999994,
                                            "count": 5810,
                                            "is_parallel": true,
                                            "self": 9.34264930000014,
                                            "children": {
                                                "steps_from_proto": {
                                                    "total": 0.0005161000000004634,
                                                    "count": 2,
                                                    "is_parallel": true,
                                                    "self": 0.00023840000000241446,
                                                    "children": {
                                                        "_process_rank_one_or_two_observation": {
                                                            "total": 0.00027769999999804895,
                                                            "count": 4,
                                                            "is_parallel": true,
                                                            "self": 0.00027769999999804895
                                                        }
                                                    }
                                                },
                                                "UnityEnvironment.step": {
                                                    "total": 24.019289199999804,
                                                    "count": 5810,
                                                    "is_parallel": true,
                                                    "self": 0.3963064999996746,
                                                    "children": {
                                                        "UnityEnvironment._generate_step_input": {
                                                            "total": 0.3275550000000642,
                                                            "count": 5810,
                                                            "is_parallel": true,
                                                            "self": 0.3275550000000642
                                                        },
                                                        "communicator.exchange": {
                                                            "total": 22.34702649999998,
                                                            "count": 5810,
                                                            "is_parallel": true,
                                                            "self": 22.34702649999998
                                                        },
                                                        "steps_from_proto": {
                                                            "total": 0.9484012000000863,
                                                            "count": 5810,
                                                            "is_parallel": true,
                                                            "self": 0.460966699999803,
                                                            "children": {
                                                                "_process_rank_one_or_two_observation": {
                                                                    "total": 0.4874345000002833,
                                                                    "count": 11620,
                                                                    "is_parallel": true,
                                                                    "self": 0.4874345000002833
                                                                }
                                                            }
                                                        }
                                                    }
                                                }
                                            }
                                        }
                                    }
                                }
                            }
                        },
                        "trainer_advance": {
                            "total": 0.47892280000002074,
                            "count": 5810,
                            "self": 0.12386409999985659,
                            "children": {
                                "process_trajectory": {
                                    "total": 0.35505870000016415,
                                    "count": 5810,
                                    "self": 0.35505870000016415
                                }
                            }
                        }
                    }
                },
                "trainer_threads": {
                    "total": 9.000000034120603e-07,
                    "count": 1,
                    "self": 9.000000034120603e-07
                },
                "TrainerController._save_models": {
                    "total": 0.13844410000000096,
                    "count": 1,
                    "self": 0.010857999999998924,