{
    "name": "root",
    "gauges": {
        "MyBehavior.Policy.Entropy.mean": {
            "value": 1.3919587135314941,
            "min": 1.3919587135314941,
            "max": 1.4119362831115723,
            "count": 3
        },
        "MyBehavior.Policy.Entropy.sum": {
            "value": 68595.7265625,
            "min": 68595.7265625,
            "max": 71387.5,
            "count": 3
        },
        "MyBehavior.Step.mean": {
            "value": 149952.0,
            "min": 49984.0,
            "max": 149952.0,
            "count": 3
        },
        "MyBehavior.Step.sum": {
            "value": 149952.0,
            "min": 49984.0,
            "max": 149952.0,
            "count": 3
        },
        "MyBehavior.Policy.ExtrinsicValueEstimate.mean": {
            "value": 0.14348971843719482,
            "min": 0.14348971843719482,
            "max": 0.21611946821212769,
            "count": 3
        },
        "MyBehavior.Policy.ExtrinsicValueEstimate.sum": {
            "value": 124.97954559326172,
            "min": 124.97954559326172,
            "max": 188.24005126953125,
            "count": 3
        },
        "MyBehavior.Environment.EpisodeLength.mean": {
            "value": 399.0,
            "min": 399.0,
            "max": 399.0,
            "count": 3
        },
        "MyBehavior.Environment.EpisodeLength.sum": {
            "value": 47880.0,
            "min": 47880.0,
            "max": 47880.0,
            "count": 3
        },
        "MyBehavior.Environment.CumulativeReward.mean": {
            "value": 0.0,
            "min": -1.625,
            "max": 0.0,
            "count": 3
        },
        "MyBehavior.Environment.CumulativeReward.sum": {
            "value": 0.0,
            "min": -195.0,
            "max": 0.0,
            "count": 3
        },
        "MyBehavior.Policy.ExtrinsicReward.mean": {
            "value": 0.0,
            "min": -1.625,
            "max": 0.0,
            "count": 3
        },
        "MyBehavior.Policy.ExtrinsicReward.sum": {
            "value": 0.0,
            "min": -195.0,
            "max": 0.0,
            "count": 3
        },
        "MyBehavior.Losses.PolicyLoss.mean": {
            "value": 0.024021872081793842,
            "min": 0.024021872081793842,
            "max": 0.025021969655063002,
            "count": 3
        },
        "MyBehavior.Losses.PolicyLoss.sum": {
            "value": 0.12010936040896922,
            "min": 0.10008787862025201,
            "max": 0.12206552114803344,
            "count": 3
        },
        "MyBehavior.Losses.ValueLoss.mean": {
            "value": 0.00011509388457246435,
            "min": 0.00011509388457246435,
            "max": 0.06640860666520894,
            "count": 3
        },
        "MyBehavior.Losses.ValueLoss.sum": {
            "value": 0.0005754694228623218,
            "min": 0.0005754694228623218,
            "max": 0.26563442666083575,
            "count": 3
        },
        "MyBehavior.Policy.LearningRate.mean": {
            "value": 0.00022331522556159997,
            "min": 0.00022331522556159997,
            "max": 0.00028411200529599996,
            "count": 3
        },
        "MyBehavior.Policy.LearningRate.sum": {
            "value": 0.0011165761278079998,
            "min": 0.0011165761278079998,
            "max": 0.001276704074432,
            "count": 3
        },
        "MyBehavior.Policy.Epsilon.mean": {
            "value": 0.17443840000000002,
            "min": 0.17443840000000002,
            "max": 0.19470400000000002,
            "count": 3
        },
        "MyBehavior.Policy.Epsilon.sum": {
            "value": 0.8721920000000001,
            "min": 0.7788160000000001,
            "max": 0.9255680000000002,
            "count": 3
        },
        "MyBehavior.Policy.Beta.mean": {
            "value": 0.0037244761600000002,
            "min": 0.0037244761600000002,
            "max": 0.0047357296,
            "count": 3
        },
        "MyBehavior.Policy.Beta.sum": {
            "value": 0.0186223808,
            "min": 0.0186223808,
            "max": 0.0212858432,
            "count": 3
        },
        "MyBehavior.IsTraining.mean": {
            "value": 1.0,
            "min": 1.0,
            "max": 1.0,
            "count": 3
        },
        "MyBehavior.IsTraining.sum": {
            "value": 1.0,
            "min": 1.0,
            "max": 1.0,
            "count": 3
        }
    },
    "metadata": {
        "timer_format_version": "0.1.0",
        "start_time_seconds": "1694437943",
        "python_version": "3.9.11 (tags/v3.9.11:2de452f, Mar 16 2022, 14:33:45) [MSC v.1929 64 bit (AMD64)]",
        "command_line_arguments": "I:\\Unity Projects\\MLAgent_Demo\\MyEnv\\Scripts\\mlagents-learn --force",
        "mlagents_version": "0.30.0",
        "mlagents_envs_version": "0.30.0",
        "communication_protocol_version": "1.5.0",
        "pytorch_version": "2.0.1+cpu",
        "numpy_version": "1.21.2",
        "end_time_seconds": "1694438058"
    },
    "total": 115.4219904,
    "count": 1,
    "self": 0.005185400000002005,
    "children": {
        "run_training.setup": {
            "total": 0.02739350000000007,
            "count": 1,
            "self": 0.02739350000000007
        },
        "TrainerController.start_learning": {
            "total": 115.3894115,
            "count": 1,
            "self": 0.15069759999954613,
            "children": {
                "TrainerController._reset_env": {
                    "total": 6.355558,
                    "count": 1,
                    "self": 6.355558
                },
                "TrainerController.advance": {
                    "total": 108.77924150000045,
                    "count": 8111,
                    "self": 0.1525064000003198,
                    "children": {
                        "env_step": {
                            "total": 76.72700200000043,
                            "count": 8111,
                            "self": 70.42952300000012,
                            "children": {
                                "SubprocessEnvManager._take_step": {
                                    "total": 6.20297310000006,
                                    "count": 8111,
                                    "self": 0.6278746999997598,
                                    "children": {
                                        "TorchPolicy.evaluate": {
                                            "total": 5.5750984000003,
                                            "count": 8111,
                                            "self": 5.5750984000003
                                        }
                                    }
                                },
                                "workers": {
                                    "total": 0.09450590000024661,
                                    "count": 8110,
                                    "self": 0.0,
                                    "children": {
                                        "worker_root": {
                                            "total": 88.13950540000015,
                                            "count": 8110,
                                            "is_parallel": true,
                                            "self": 49.12978410000036,
                                            "children": {
                                                "steps_from_proto": {
                                                    "total": 0.00039160000000038053,
                                                    "count": 1,
                                                    "is_parallel": true,
                                                    "self": 0.0001797000000012261,